Voltage_V,Current_True_A,Current_VTEAM_A,State_w
0.0,0.0,0.0,0.1
0.01212121,1.492944e-07,1.3453063263041067e-07,0.1
0.02424242,2.985888e-07,2.6906126526082133e-07,0.1
0.03636364,4.478832e-07,4.035920088790233e-07,0.1
0.04848485,5.971776e-07,5.38122641509434e-07,0.1
0.06060606,7.46472e-07,6.726532741398447e-07,0.1
0.07272727,8.957664e-07,8.071839067702553e-07,0.1
0.08484848,1.045061e-06,9.41714539400666e-07,0.1
0.0969697,1.194355e-06,1.076245283018868e-06,0.1
0.1090909,1.34365e-06,1.2107758046614872e-06,0.1
0.1212121,1.492944e-06,1.3453063263041066e-06,0.1
0.1333333,1.642238e-06,1.4798368479467257e-06,0.1
0.1454545,1.791533e-06,1.614367369589345e-06,0.1
0.1575758,1.940827e-06,1.7488990011098777e-06,0.1
0.169697,2.090122e-06,1.883429522752497e-06,0.1
0.1818182,2.239416e-06,2.0179600443951166e-06,0.1
0.1939394,2.38871e-06,2.152490566037736e-06,0.1
0.2060606,2.538005e-06,2.2870210876803553e-06,0.1
0.2181818,2.687299e-06,2.4215516093229744e-06,0.1
0.230303,2.836594e-06,2.556082130965594e-06,0.1
0.2424242,2.985888e-06,2.690612652608213e-06,0.1
0.2545455,3.135182e-06,2.8251442841287456e-06,0.1
0.2666667,3.284477e-06,2.9596748057713647e-06,0.1
0.2787879,3.433771e-06,3.0942053274139843e-06,0.1
0.2909091,3.583066e-06,3.2287358490566034e-06,0.1
0.3030303,3.73236e-06,3.363266370699223e-06,0.1
0.3151515,3.881654e-06,3.497796892341842e-06,0.1
0.3272727,4.030949e-06,3.632327413984462e-06,0.1
0.3393939,4.180243e-06,3.7668579356270812e-06,0.1
0.3515152,4.329538e-06,3.901389567147614e-06,0.1
0.3636364,4.478832e-06,4.035920088790233e-06,0.1
0.3757576,4.628126e-06,4.170450610432853e-06,0.1
0.3878788,4.777421e-06,4.304981132075472e-06,0.1
0.4,4.926715e-06,4.439511653718091e-06,0.1
0.4121212,5.07601e-06,4.574042175360711e-06,0.1
0.4242424,5.225304e-06,4.70857269700333e-06,0.1
0.4363636,5.374598e-06,4.843103218645949e-06,0.1
0.4484848,5.523893e-06,4.9776337402885684e-06,0.1
0.4606061,5.673187e-06,5.112165371809101e-06,0.1
0.4727273,5.822481e-06,5.2466958934517205e-06,0.1
0.4848485,5.971776e-06,5.38122641509434e-06,0.1
0.4969697,6.12107e-06,5.515756936736959e-06,0.1
0.5090909,6.270365e-06,5.650287458379578e-06,0.1
0.5212121,6.419659e-06,5.784817980022197e-06,0.1
0.5333333,6.568953e-06,5.919348501664817e-06,0.1
0.5454545,6.718248e-06,6.053879023307435e-06,0.1
0.5575758,6.867542e-06,6.188410654827969e-06,0.1
0.569697,7.016837e-06,6.322941176470588e-06,0.1
0.5818182,7.166131e-06,6.457471698113207e-06,0.1
0.5939394,7.315425e-06,6.592002219755827e-06,0.1
0.6060606,7.46472e-06,6.726532741398446e-06,0.1
0.6181818,7.614014e-06,6.8610632630410655e-06,0.1
0.630303,7.763309e-06,6.995593784683684e-06,0.1
0.6424242,7.912603e-06,7.130124306326304e-06,0.1
0.6545455,8.061897e-06,7.264655937846837e-06,0.1
0.6666667,8.211192e-06,7.399186459489456e-06,0.1
0.6787879,8.360486e-06,7.533716981132075e-06,0.1
0.6909091,8.509781e-06,7.668247502774696e-06,0.1
0.7030303,8.659075e-06,7.802778024417314e-06,0.1
0.7151515,8.808369e-06,7.937308546059933e-06,0.1
0.7272727,8.957664e-06,8.071839067702552e-06,0.1
0.7393939,9.106958e-06,8.206369589345172e-06,0.1
0.7515152,9.256253e-06,8.340901220865706e-06,0.1
0.7636364,9.405547e-06,8.475431742508324e-06,0.1
0.7757576,9.554841e-06,8.609962264150945e-06,0.1
0.7878788,9.704136e-06,8.744492785793563e-06,0.1
0.8,9.85343e-06,8.879023307436182e-06,0.1
0.8121212,1.000272e-05,9.0135538290788e-06,0.1
0.8242424,1.039951e-05,9.171218242103916e-06,0.1022956795225
0.8363636,1.113576e-05,9.401184717934293e-06,0.11147839761249999
0.8484848,1.247435e-05,9.761878586621525e-06,0.13213951331499996
0.8606061,1.509952e-05,1.0333659589511882e-05,0.16887038567499987
0.8727273,2.106404e-05,1.1246484918937795e-05,0.2262625631314062
0.8848485,3.848604e-05,1.274663892622859e-05,0.3089072532140621
0.8969697,0.0001166909,1.539021580734048e-05,0.4213958149679684
0.9090909,0.0005930332,2.0785701499172267e-05,0.5683196074381247
0.9212121,0.0009212121,3.637233949025736e-05,0.754269989669531
0.9333333,0.0009333333,0.0003589734832384105,0.9838383207071871
0.9454545,0.0009454545,0.0009454544999999999,1.0
0.9575758,0.0009575758,0.0009575758,1.0
0.969697,0.000969697,0.000969697,1.0
0.9818182,0.0009818182,0.0009818182,1.0
0.9939394,0.0009939394,0.0009939394,1.0
1.006061,0.001006061,0.0010060610000000002,1.0
1.018182,0.001018182,0.0010181819999999999,1.0
1.030303,0.001030303,0.001030303,1.0
1.042424,0.001042424,0.001042424,1.0
1.054545,0.001054545,0.001054545,1.0
1.066667,0.001066667,0.001066667,1.0
1.078788,0.001078788,0.001078788,1.0
1.090909,0.001090909,0.001090909,1.0
1.10303,0.00110303,0.0011030299999999999,1.0
1.115152,0.001115152,0.001115152,1.0
1.127273,0.001127273,0.001127273,1.0
1.139394,0.001139394,0.001139394,1.0
1.151515,0.001151515,0.001151515,1.0
1.163636,0.001163636,0.0011636359999999998,1.0
1.175758,0.001175758,0.001175758,1.0
1.187879,0.001187879,0.001187879,1.0
1.2,0.0012,0.0012,1.0
1.2,0.0012,0.0012,1.0
1.179798,0.001179798,0.001179798,1.0
1.159596,0.001159596,0.0011595960000000002,1.0
1.139394,0.001139394,0.001139394,1.0
1.119192,0.001119192,0.001119192,1.0
1.09899,0.00109899,0.00109899,1.0
1.078788,0.001078788,0.001078788,1.0
1.058586,0.001058586,0.001058586,1.0
1.038384,0.001038384,0.001038384,1.0
1.018182,0.001018182,0.0010181819999999999,1.0
0.9979798,0.0009979798,0.0009979798,1.0
0.9777778,0.0009777778,0.0009777778,1.0
0.9575758,0.0009575758,0.0009575758,1.0
0.9373737,0.0009373737,0.0009373736999999999,1.0
0.9171717,0.0009171717,0.0009171717000000001,1.0
0.8969697,0.0008969697,0.0008969697,1.0
0.8767677,0.0008767677,0.0008767677,1.0
0.8565657,0.0008565657,0.0008565657,1.0
0.8363636,0.0008363636,0.0008363636,1.0
0.8161616,0.0008161616,0.0008161616,1.0
0.7959596,0.0007959596,0.0007959596,1.0
0.7757576,0.0007757576,0.0007757576000000001,1.0
0.7555556,0.0007555556,0.0007555556,1.0
0.7353535,0.0007353535,0.0007353535,1.0
0.7151515,0.0007151515,0.0007151515000000001,1.0
0.6949495,0.0006949495,0.0006949495,1.0
0.6747475,0.0006747475,0.0006747474999999999,1.0
0.6545455,0.0006545455,0.0006545455,1.0
0.6343434,0.0006343434,0.0006343434,1.0
0.6141414,0.0006141414,0.0006141413999999999,1.0
0.5939394,0.0005939394,0.0005939394,1.0
0.5737374,0.0005737374,0.0005737374,1.0
0.5535354,0.0005535354,0.0005535354,1.0
0.5333333,0.0005333333,0.0005333333,1.0
0.5131313,0.0005131313,0.0005131313,1.0
0.4929293,0.0004929293,0.0004929293,1.0
0.4727273,0.0004727273,0.00047272730000000004,1.0
0.4525253,0.0004525253,0.0004525253,1.0
0.4323232,0.0004323232,0.00043232320000000004,1.0
0.4121212,0.0004121212,0.0004121212,1.0
0.3919192,0.0003919192,0.0003919192,1.0
0.3717172,0.0003717172,0.00037171720000000005,1.0
0.3515152,0.0003515152,0.0003515152,1.0
0.3313131,0.0003313131,0.00033131310000000005,1.0
0.3111111,0.0003111111,0.00031111109999999996,1.0
0.2909091,0.0002909091,0.0002909091,1.0
0.2707071,0.0002707071,0.0002707071,1.0
0.2505051,0.0002505051,0.00025050509999999997,1.0
0.230303,0.000230303,0.000230303,1.0
0.210101,0.000210101,0.000210101,1.0
0.189899,0.000189899,0.00018989900000000002,1.0
0.169697,0.000169697,0.00016969699999999998,1.0
0.1494949,0.0001494949,0.0001494949,1.0
0.1292929,0.0001292929,0.0001292929,1.0
0.1090909,0.0001090909,0.00010909090000000001,1.0
0.08888889,8.888889e-05,8.888889e-05,1.0
0.06868687,6.868687e-05,6.868686999999999e-05,1.0
0.04848485,4.848485e-05,4.8484850000000004e-05,1.0
0.02828283,2.828283e-05,2.828283e-05,1.0
0.008080808,8.080808e-06,8.080808000000001e-06,1.0
-0.01212121,-1.212121e-05,-1.212121e-05,1.0
-0.03232323,-3.232323e-05,-3.2323230000000005e-05,1.0
-0.05252525,-5.252525e-05,-5.252525e-05,1.0
-0.07272727,-7.272727e-05,-7.272727e-05,1.0
-0.09292929,-9.292929e-05,-9.292929e-05,1.0
-0.1131313,-0.0001131313,-0.0001131313,1.0
-0.1333333,-0.0001333333,-0.00013333329999999999,1.0
-0.1535354,-0.0001535354,-0.0001535354,1.0
-0.1737374,-0.0001737374,-0.00017373739999999998,1.0
-0.1939394,-0.0001939394,-0.00019393940000000002,1.0
-0.2141414,-0.0002141414,-0.00021414140000000002,1.0
-0.2343434,-0.0002343434,-0.0002343434,1.0
-0.2545455,-0.0002545455,-0.00025454549999999996,1.0
-0.2747475,-0.0002747475,-0.0002747475,1.0
-0.2949495,-0.0002949495,-0.0002949495,1.0
-0.3151515,-0.0003151515,-0.00031515149999999996,1.0
-0.3353535,-0.0003353535,-0.00033535350000000005,1.0
-0.3555556,-0.0003555556,-0.0003555556,1.0
-0.3757576,-0.0003757576,-0.00037575760000000004,1.0
-0.3959596,-0.0003959596,-0.0003959596,1.0
-0.4161616,-0.0004161616,-0.0004161616,1.0
-0.4363636,-0.0004363636,-0.00043636360000000004,1.0
-0.4565657,-0.0004565657,-0.0004565657,1.0
-0.4767677,-0.0004767677,-0.00047676770000000003,1.0
-0.4969697,-0.0004969697,-0.0004969697,1.0
-0.5171717,-0.0005171717,-0.0005171717,1.0
-0.5373737,-0.0005373737,-0.0005373737,1.0
-0.5575758,-0.0005575758,-0.0005575758,1.0
-0.5777778,-0.0005777778,-0.0005777778,1.0
-0.5979798,-0.0005979798,-0.0005979798,1.0
-0.6181818,-0.0006181818,-0.0006181818,1.0
-0.6383838,-0.0006383838,-0.0003343918327539684,0.9908172819100001
-0.6585859,-0.0006585859,-0.00011048785795748002,0.94989183462
-0.6787879,-0.0006787879,-4.4078411519602466e-05,0.8545499546530557
-0.6989899,-0.0006989899,-2.152707334469899e-05,0.6821184772527779
-0.7191919,-0.0007191919,-1.2104037341937701e-05,0.4099240244191663
-0.7393939,-0.0007393939,-7.507606306434852e-06,0.015293218152221899
-0.759596,-0.000759596,-7.59596e-06,0.0
-0.779798,-0.000779798,-7.79798e-06,0.0
-0.8,-0.0008,-8e-06,0.0
0.0,0.0,0.0,0.0
0.01212121,1.212121e-05,1.212121e-07,0.0
0.02424242,2.424242e-05,2.424242e-07,0.0
0.03636364,3.636364e-05,3.636364e-07,0.0
0.04848485,4.848485e-05,4.848485000000001e-07,0.0
0.06060606,6.060606e-05,6.060606e-07,0.0
0.07272727,7.272727e-05,7.272727e-07,0.0
0.08484848,8.484848e-05,8.484848e-07,0.0
0.0969697,9.69697e-05,9.696970000000001e-07,0.0
0.1090909,0.0001090909,1.090909e-06,0.0
0.1212121,0.0001212121,1.212121e-06,0.0
0.1333333,0.0001333333,1.3333329999999999e-06,0.0
0.1454545,0.0001454545,1.4545449999999998e-06,0.0
0.1575758,0.0001575758,1.575758e-06,0.0
0.169697,0.000169697,1.6969699999999998e-06,0.0
0.1818182,0.0001818182,1.8181820000000002e-06,0.0
0.1939394,0.0001939394,1.9393940000000003e-06,0.0
0.2060606,0.0002060606,2.060606e-06,0.0
0.2181818,0.0002181818,2.181818e-06,0.0
0.230303,0.000230303,2.30303e-06,0.0
0.2424242,0.0002424242,2.424242e-06,0.0
0.2545455,0.0002545455,2.545455e-06,0.0
0.2666667,0.0002666667,2.666667e-06,0.0
0.2787879,0.0002787879,2.7878789999999997e-06,0.0
0.2909091,0.0002909091,2.9090909999999998e-06,0.0
0.3030303,0.0003030303,3.030303e-06,0.0
0.3151515,0.0003151515,3.1515149999999996e-06,0.0
0.3272727,0.0003272727,3.272727e-06,0.0
0.3393939,0.0003393939,3.3939390000000003e-06,0.0
0.3515152,0.0003515152,3.515152e-06,0.0
0.3636364,0.0003636364,3.6363640000000003e-06,0.0
0.3757576,0.0003757576,3.7575760000000004e-06,0.0
0.3878788,0.0003878788,3.8787880000000005e-06,0.0
0.4,0.0004,4e-06,0.0
0.4121212,0.0004121212,4.121212e-06,0.0
0.4242424,0.0004242424,4.242424e-06,0.0
0.4363636,0.0004363636,4.363636e-06,0.0
0.4484848,0.0004484848,4.484848e-06,0.0
0.4606061,0.0004606061,4.606061e-06,0.0
0.4727273,0.0004727273,4.727273e-06,0.0
0.4848485,0.0004848485,4.848485e-06,0.0
0.4969697,0.0004969697,4.969697e-06,0.0
0.5090909,0.0005090909,5.090909e-06,0.0
0.5212121,0.0005212121,5.2121209999999996e-06,0.0
0.5333333,0.0005333333,5.333333e-06,0.0
0.5454545,0.0005454545,5.454545e-06,0.0
0.5575758,0.0005575758,5.575757999999999e-06,0.0
0.569697,0.000569697,5.69697e-06,0.0
0.5818182,0.0005818182,5.8181819999999995e-06,0.0
0.5939394,0.0005939394,5.939394e-06,0.0
0.6060606,0.0006060606,6.060606e-06,0.0
0.6181818,0.0006181818,6.181818e-06,0.0
0.630303,0.000630303,6.303029999999999e-06,0.0
0.6424242,0.0006424242,6.424242e-06,0.0
0.6545455,0.0006545455,6.545455e-06,0.0
0.6666667,0.0006666667,6.666667e-06,0.0
0.6787879,0.0006787879,6.787879e-06,0.0
0.6909091,0.0006909091,6.909091000000001e-06,0.0
0.7030303,0.0007030303,7.030303e-06,0.0
0.7151515,0.0007151515,7.151515e-06,0.0
0.7272727,0.0007272727,7.2727269999999995e-06,0.0
0.7393939,0.0007393939,7.3939390000000005e-06,0.0
0.7515152,0.0007515152,7.515152000000001e-06,0.0
0.7636364,0.0007636364,7.636364e-06,0.0
0.7757576,0.0007757576,7.757576000000001e-06,0.0
0.7878788,0.0007878788,7.878788e-06,0.0
0.8,0.0008,8e-06,0.0
0.8121212,0.0008121212,8.121212e-06,0.0
0.8242424,0.0008242424,8.261199415666537e-06,0.002295679522499995
0.8363636,0.0008363636,8.459769552649072e-06,0.011478397612499976
0.8484848,0.0008484848,8.763692193936012e-06,0.03213951331499994
0.8606061,0.0008606061,9.235771428912173e-06,0.06887038567499987
0.8727273,0.0008727273,9.974025573284938e-06,0.1262625631314062
0.8848485,0.0008848485,1.1155683078574973e-05,0.20890725321406212
0.8969697,0.0008969697,1.315555634548359e-05,0.32139581496796843
0.9090909,0.0009090909,1.6949153881072157e-05,0.4683196074381247
0.9212121,0.0009212121,2.6150538297614727e-05,0.6542699896695309
0.9333333,0.0009333333,7.466662666675547e-05,0.883838320707187
0.9454545,0.0009454545,0.0009454544999999999,1.0
0.9575758,0.0009575758,0.0009575758,1.0
0.969697,0.000969697,0.000969697,1.0
0.9818182,0.0009818182,0.0009818182,1.0
0.9939394,0.0009939394,0.0009939394,1.0
1.006061,0.001006061,0.0010060610000000002,1.0
1.018182,0.001018182,0.0010181819999999999,1.0
1.030303,0.001030303,0.001030303,1.0
1.042424,0.001042424,0.001042424,1.0
1.054545,0.001054545,0.001054545,1.0
1.066667,0.001066667,0.001066667,1.0
1.078788,0.001078788,0.001078788,1.0
1.090909,0.001090909,0.001090909,1.0
1.10303,0.00110303,0.0011030299999999999,1.0
1.115152,0.001115152,0.001115152,1.0
1.127273,0.001127273,0.001127273,1.0
1.139394,0.001139394,0.001139394,1.0
1.151515,0.001151515,0.001151515,1.0
1.163636,0.001163636,0.0011636359999999998,1.0
1.175758,0.001175758,0.001175758,1.0
1.187879,0.001187879,0.001187879,1.0
1.2,0.0012,0.0012,1.0
1.2,0.0012,0.0012,1.0
1.179798,0.001179798,0.001179798,1.0
1.159596,0.001159596,0.0011595960000000002,1.0
1.139394,0.001139394,0.001139394,1.0
1.119192,0.001119192,0.001119192,1.0
1.09899,0.00109899,0.00109899,1.0
1.078788,0.001078788,0.001078788,1.0
1.058586,0.001058586,0.001058586,1.0
1.038384,0.001038384,0.001038384,1.0
1.018182,0.001018182,0.0010181819999999999,1.0
0.9979798,0.0009979798,0.0009979798,1.0
0.9777778,0.0009777778,0.0009777778,1.0
0.9575758,0.0009575758,0.0009575758,1.0
0.9373737,0.0009373737,0.0009373736999999999,1.0
0.9171717,0.0009171717,0.0009171717000000001,1.0
0.8969697,0.0008969697,0.0008969697,1.0
0.8767677,0.0008767677,0.0008767677,1.0
0.8565657,0.0008565657,0.0008565657,1.0
0.8363636,0.0008363636,0.0008363636,1.0
0.8161616,0.0008161616,0.0008161616,1.0
0.7959596,0.0007959596,0.0007959596,1.0
0.7757576,0.0007757576,0.0007757576000000001,1.0
0.7555556,0.0007555556,0.0007555556,1.0
0.7353535,0.0007353535,0.0007353535,1.0
0.7151515,0.0007151515,0.0007151515000000001,1.0
0.6949495,0.0006949495,0.0006949495,1.0
0.6747475,0.0006747475,0.0006747474999999999,1.0
0.6545455,0.0006545455,0.0006545455,1.0
0.6343434,0.0006343434,0.0006343434,1.0
0.6141414,0.0006141414,0.0006141413999999999,1.0
0.5939394,0.0005939394,0.0005939394,1.0
0.5737374,0.0005737374,0.0005737374,1.0
0.5535354,0.0005535354,0.0005535354,1.0
0.5333333,0.0005333333,0.0005333333,1.0
0.5131313,0.0005131313,0.0005131313,1.0
0.4929293,0.0004929293,0.0004929293,1.0
0.4727273,0.0004727273,0.00047272730000000004,1.0
0.4525253,0.0004525253,0.0004525253,1.0
0.4323232,0.0004323232,0.00043232320000000004,1.0
0.4121212,0.0004121212,0.0004121212,1.0
0.3919192,0.0003919192,0.0003919192,1.0
0.3717172,0.0003717172,0.00037171720000000005,1.0
0.3515152,0.0003515152,0.0003515152,1.0
0.3313131,0.0003313131,0.00033131310000000005,1.0
0.3111111,0.0003111111,0.00031111109999999996,1.0
0.2909091,0.0002909091,0.0002909091,1.0
0.2707071,0.0002707071,0.0002707071,1.0
0.2505051,0.0002505051,0.00025050509999999997,1.0
0.230303,0.000230303,0.000230303,1.0
0.210101,0.000210101,0.000210101,1.0
0.189899,0.000189899,0.00018989900000000002,1.0
0.169697,0.000169697,0.00016969699999999998,1.0
0.1494949,0.0001494949,0.0001494949,1.0
0.1292929,0.0001292929,0.0001292929,1.0
0.1090909,0.0001090909,0.00010909090000000001,1.0
0.08888889,8.888889e-05,8.888889e-05,1.0
0.06868687,6.868687e-05,6.868686999999999e-05,1.0
0.04848485,4.848485e-05,4.8484850000000004e-05,1.0
0.02828283,2.828283e-05,2.828283e-05,1.0
0.008080808,8.080808e-06,8.080808000000001e-06,1.0
-0.01212121,-1.212121e-05,-1.212121e-05,1.0
-0.03232323,-3.232323e-05,-3.2323230000000005e-05,1.0
-0.05252525,-5.252525e-05,-5.252525e-05,1.0
-0.07272727,-7.272727e-05,-7.272727e-05,1.0
-0.09292929,-9.292929e-05,-9.292929e-05,1.0
-0.1131313,-0.0001131313,-0.0001131313,1.0
-0.1333333,-0.0001333333,-0.00013333329999999999,1.0
-0.1535354,-0.0001535354,-0.0001535354,1.0
-0.1737374,-0.0001737374,-0.00017373739999999998,1.0
-0.1939394,-0.0001939394,-0.00019393940000000002,1.0
-0.2141414,-0.0002141414,-0.00021414140000000002,1.0
-0.2343434,-0.0002343434,-0.0002343434,1.0
-0.2545455,-0.0002545455,-0.00025454549999999996,1.0
-0.2747475,-0.0002747475,-0.0002747475,1.0
-0.2949495,-0.0002949495,-0.0002949495,1.0
-0.3151515,-0.0003151515,-0.00031515149999999996,1.0
-0.3353535,-0.0003353535,-0.00033535350000000005,1.0
-0.3555556,-0.0003555556,-0.0003555556,1.0
-0.3757576,-0.0003757576,-0.00037575760000000004,1.0
-0.3959596,-0.0003959596,-0.0003959596,1.0
-0.4161616,-0.0004161616,-0.0004161616,1.0
-0.4363636,-0.0004363636,-0.00043636360000000004,1.0
-0.4565657,-0.0004565657,-0.0004565657,1.0
-0.4767677,-0.0004767677,-0.00047676770000000003,1.0
-0.4969697,-0.0004969697,-0.0004969697,1.0
-0.5171717,-0.0005171717,-0.0005171717,1.0
-0.5373737,-0.0005373737,-0.0005373737,1.0
-0.5575758,-0.0005575758,-0.0005575758,1.0
-0.5777778,-0.0005777778,-0.0005777778,1.0
-0.5979798,-0.0005979798,-0.0005979798,1.0
-0.6181818,-0.0006181818,-0.0006181818,1.0
-0.6383838,-0.0006383838,-0.0003343918327539684,0.9908172819100001
-0.6585859,-0.0006585859,-0.00011048785795748002,0.94989183462
-0.6787879,-0.0006787879,-4.4078411519602466e-05,0.8545499546530557
-0.6989899,-0.0006989899,-2.152707334469899e-05,0.6821184772527779
-0.7191919,-0.0007191919,-1.2104037341937701e-05,0.4099240244191663
-0.7393939,-0.0007393939,-7.507606306434852e-06,0.015293218152221899
-0.759596,-0.000759596,-7.59596e-06,0.0
-0.779798,-0.000779798,-7.79798e-06,0.0
-0.8,-0.0008,-8e-06,0.0
0.0,0.0,0.0,0.0
0.01212121,1.212121e-05,1.212121e-07,0.0
0.02424242,2.424242e-05,2.424242e-07,0.0
0.03636364,3.636364e-05,3.636364e-07,0.0
0.04848485,4.848485e-05,4.848485000000001e-07,0.0
0.06060606,6.060606e-05,6.060606e-07,0.0
0.07272727,7.272727e-05,7.272727e-07,0.0
0.08484848,8.484848e-05,8.484848e-07,0.0
0.0969697,9.69697e-05,9.696970000000001e-07,0.0
0.1090909,0.0001090909,1.090909e-06,0.0
0.1212121,0.0001212121,1.212121e-06,0.0
0.1333333,0.0001333333,1.3333329999999999e-06,0.0
0.1454545,0.0001454545,1.4545449999999998e-06,0.0
0.1575758,0.0001575758,1.575758e-06,0.0
0.169697,0.000169697,1.6969699999999998e-06,0.0
0.1818182,0.0001818182,1.8181820000000002e-06,0.0
0.1939394,0.0001939394,1.9393940000000003e-06,0.0
0.2060606,0.0002060606,2.060606e-06,0.0
0.2181818,0.0002181818,2.181818e-06,0.0
0.230303,0.000230303,2.30303e-06,0.0
0.2424242,0.0002424242,2.424242e-06,0.0
0.2545455,0.0002545455,2.545455e-06,0.0
0.2666667,0.0002666667,2.666667e-06,0.0
0.2787879,0.0002787879,2.7878789999999997e-06,0.0
0.2909091,0.0002909091,2.9090909999999998e-06,0.0
0.3030303,0.0003030303,3.030303e-06,0.0
0.3151515,0.0003151515,3.1515149999999996e-06,0.0
0.3272727,0.0003272727,3.272727e-06,0.0
0.3393939,0.0003393939,3.3939390000000003e-06,0.0
0.3515152,0.0003515152,3.515152e-06,0.0
0.3636364,0.0003636364,3.6363640000000003e-06,0.0
0.3757576,0.0003757576,3.7575760000000004e-06,0.0
0.3878788,0.0003878788,3.8787880000000005e-06,0.0
0.4,0.0004,4e-06,0.0
0.4121212,0.0004121212,4.121212e-06,0.0
0.4242424,0.0004242424,4.242424e-06,0.0
0.4363636,0.0004363636,4.363636e-06,0.0
0.4484848,0.0004484848,4.484848e-06,0.0
0.4606061,0.0004606061,4.606061e-06,0.0
0.4727273,0.0004727273,4.727273e-06,0.0
0.4848485,0.0004848485,4.848485e-06,0.0
0.4969697,0.0004969697,4.969697e-06,0.0
0.5090909,0.0005090909,5.090909e-06,0.0
0.5212121,0.0005212121,5.2121209999999996e-06,0.0
0.5333333,0.0005333333,5.333333e-06,0.0
0.5454545,0.0005454545,5.454545e-06,0.0
0.5575758,0.0005575758,5.575757999999999e-06,0.0
0.569697,0.000569697,5.69697e-06,0.0
0.5818182,0.0005818182,5.8181819999999995e-06,0.0
0.5939394,0.0005939394,5.939394e-06,0.0
0.6060606,0.0006060606,6.060606e-06,0.0
0.6181818,0.0006181818,6.181818e-06,0.0
0.630303,0.000630303,6.303029999999999e-06,0.0
0.6424242,0.0006424242,6.424242e-06,0.0
0.6545455,0.0006545455,6.545455e-06,0.0
0.6666667,0.0006666667,6.666667e-06,0.0
0.6787879,0.0006787879,6.787879e-06,0.0
0.6909091,0.0006909091,6.909091000000001e-06,0.0
0.7030303,0.0007030303,7.030303e-06,0.0
0.7151515,0.0007151515,7.151515e-06,0.0
0.7272727,0.0007272727,7.2727269999999995e-06,0.0
0.7393939,0.0007393939,7.3939390000000005e-06,0.0
0.7515152,0.0007515152,7.515152000000001e-06,0.0
0.7636364,0.0007636364,7.636364e-06,0.0
0.7757576,0.0007757576,7.757576000000001e-06,0.0
0.7878788,0.0007878788,7.878788e-06,0.0
0.8,0.0008,8e-06,0.0
0.8121212,0.0008121212,8.121212e-06,0.0
0.8242424,0.0008242424,8.261199415666537e-06,0.002295679522499995
0.8363636,0.0008363636,8.459769552649072e-06,0.011478397612499976
0.8484848,0.0008484848,8.763692193936012e-06,0.03213951331499994
0.8606061,0.0008606061,9.235771428912173e-06,0.06887038567499987
0.8727273,0.0008727273,9.974025573284938e-06,0.1262625631314062
0.8848485,0.0008848485,1.1155683078574973e-05,0.20890725321406212
0.8969697,0.0008969697,1.315555634548359e-05,0.32139581496796843
0.9090909,0.0009090909,1.6949153881072157e-05,0.4683196074381247
0.9212121,0.0009212121,2.6150538297614727e-05,0.6542699896695309
0.9333333,0.0009333333,7.466662666675547e-05,0.883838320707187
0.9454545,0.0009454545,0.0009454544999999999,1.0
0.9575758,0.0009575758,0.0009575758,1.0
0.969697,0.000969697,0.000969697,1.0
0.9818182,0.0009818182,0.0009818182,1.0
0.9939394,0.0009939394,0.0009939394,1.0
1.006061,0.001006061,0.0010060610000000002,1.0
1.018182,0.001018182,0.0010181819999999999,1.0
1.030303,0.001030303,0.001030303,1.0
1.042424,0.001042424,0.001042424,1.0
1.054545,0.001054545,0.001054545,1.0
1.066667,0.001066667,0.001066667,1.0
1.078788,0.001078788,0.001078788,1.0
1.090909,0.001090909,0.001090909,1.0
1.10303,0.00110303,0.0011030299999999999,1.0
1.115152,0.001115152,0.001115152,1.0
1.127273,0.001127273,0.001127273,1.0
1.139394,0.001139394,0.001139394,1.0
1.151515,0.001151515,0.001151515,1.0
1.163636,0.001163636,0.0011636359999999998,1.0
1.175758,0.001175758,0.001175758,1.0
1.187879,0.001187879,0.001187879,1.0
1.2,0.0012,0.0012,1.0
1.2,0.0012,0.0012,1.0
1.179798,0.001179798,0.001179798,1.0
1.159596,0.001159596,0.0011595960000000002,1.0
1.139394,0.001139394,0.001139394,1.0
1.119192,0.001119192,0.001119192,1.0
1.09899,0.00109899,0.00109899,1.0
1.078788,0.001078788,0.001078788,1.0
1.058586,0.001058586,0.001058586,1.0
1.038384,0.001038384,0.001038384,1.0
1.018182,0.001018182,0.0010181819999999999,1.0
0.9979798,0.0009979798,0.0009979798,1.0
0.9777778,0.0009777778,0.0009777778,1.0
0.9575758,0.0009575758,0.0009575758,1.0
0.9373737,0.0009373737,0.0009373736999999999,1.0
0.9171717,0.0009171717,0.0009171717000000001,1.0
0.8969697,0.0008969697,0.0008969697,1.0
0.8767677,0.0008767677,0.0008767677,1.0
0.8565657,0.0008565657,0.0008565657,1.0
0.8363636,0.0008363636,0.0008363636,1.0
0.8161616,0.0008161616,0.0008161616,1.0
0.7959596,0.0007959596,0.0007959596,1.0
0.7757576,0.0007757576,0.0007757576000000001,1.0
0.7555556,0.0007555556,0.0007555556,1.0
0.7353535,0.0007353535,0.0007353535,1.0
0.7151515,0.0007151515,0.0007151515000000001,1.0
0.6949495,0.0006949495,0.0006949495,1.0
0.6747475,0.0006747475,0.0006747474999999999,1.0
0.6545455,0.0006545455,0.0006545455,1.0
0.6343434,0.0006343434,0.0006343434,1.0
0.6141414,0.0006141414,0.0006141413999999999,1.0
0.5939394,0.0005939394,0.0005939394,1.0
0.5737374,0.0005737374,0.0005737374,1.0
0.5535354,0.0005535354,0.0005535354,1.0
0.5333333,0.0005333333,0.0005333333,1.0
0.5131313,0.0005131313,0.0005131313,1.0
0.4929293,0.0004929293,0.0004929293,1.0
0.4727273,0.0004727273,0.00047272730000000004,1.0
0.4525253,0.0004525253,0.0004525253,1.0
0.4323232,0.0004323232,0.00043232320000000004,1.0
0.4121212,0.0004121212,0.0004121212,1.0
0.3919192,0.0003919192,0.0003919192,1.0
0.3717172,0.0003717172,0.00037171720000000005,1.0
0.3515152,0.0003515152,0.0003515152,1.0
0.3313131,0.0003313131,0.00033131310000000005,1.0
0.3111111,0.0003111111,0.00031111109999999996,1.0
0.2909091,0.0002909091,0.0002909091,1.0
0.2707071,0.0002707071,0.0002707071,1.0
0.2505051,0.0002505051,0.00025050509999999997,1.0
0.230303,0.000230303,0.000230303,1.0
0.210101,0.000210101,0.000210101,1.0
0.189899,0.000189899,0.00018989900000000002,1.0
0.169697,0.000169697,0.00016969699999999998,1.0
0.1494949,0.0001494949,0.0001494949,1.0
0.1292929,0.0001292929,0.0001292929,1.0
0.1090909,0.0001090909,0.00010909090000000001,1.0
0.08888889,8.888889e-05,8.888889e-05,1.0
0.06868687,6.868687e-05,6.868686999999999e-05,1.0
0.04848485,4.848485e-05,4.8484850000000004e-05,1.0
0.02828283,2.828283e-05,2.828283e-05,1.0
0.008080808,8.080808e-06,8.080808000000001e-06,1.0
-0.01212121,-1.212121e-05,-1.212121e-05,1.0
-0.03232323,-3.232323e-05,-3.2323230000000005e-05,1.0
-0.05252525,-5.252525e-05,-5.252525e-05,1.0
-0.07272727,-7.272727e-05,-7.272727e-05,1.0
-0.09292929,-9.292929e-05,-9.292929e-05,1.0
-0.1131313,-0.0001131313,-0.0001131313,1.0
-0.1333333,-0.0001333333,-0.00013333329999999999,1.0
-0.1535354,-0.0001535354,-0.0001535354,1.0
-0.1737374,-0.0001737374,-0.00017373739999999998,1.0
-0.1939394,-0.0001939394,-0.00019393940000000002,1.0
-0.2141414,-0.0002141414,-0.00021414140000000002,1.0
-0.2343434,-0.0002343434,-0.0002343434,1.0
-0.2545455,-0.0002545455,-0.00025454549999999996,1.0
-0.2747475,-0.0002747475,-0.0002747475,1.0
-0.2949495,-0.0002949495,-0.0002949495,1.0
-0.3151515,-0.0003151515,-0.00031515149999999996,1.0
-0.3353535,-0.0003353535,-0.00033535350000000005,1.0
-0.3555556,-0.0003555556,-0.0003555556,1.0
-0.3757576,-0.0003757576,-0.00037575760000000004,1.0
-0.3959596,-0.0003959596,-0.0003959596,1.0
-0.4161616,-0.0004161616,-0.0004161616,1.0
-0.4363636,-0.0004363636,-0.00043636360000000004,1.0
-0.4565657,-0.0004565657,-0.0004565657,1.0
-0.4767677,-0.0004767677,-0.00047676770000000003,1.0
-0.4969697,-0.0004969697,-0.0004969697,1.0
-0.5171717,-0.0005171717,-0.0005171717,1.0
-0.5373737,-0.0005373737,-0.0005373737,1.0
-0.5575758,-0.0005575758,-0.0005575758,1.0
-0.5777778,-0.0005777778,-0.0005777778,1.0
-0.5979798,-0.0005979798,-0.0005979798,1.0
-0.6181818,-0.0006181818,-0.0006181818,1.0
-0.6383838,-0.0006383838,-0.0003343918327539684,0.9908172819100001
-0.6585859,-0.0006585859,-0.00011048785795748002,0.94989183462
-0.6787879,-0.0006787879,-4.4078411519602466e-05,0.8545499546530557
-0.6989899,-0.0006989899,-2.152707334469899e-05,0.6821184772527779
-0.7191919,-0.0007191919,-1.2104037341937701e-05,0.4099240244191663
-0.7393939,-0.0007393939,-7.507606306434852e-06,0.015293218152221899
-0.759596,-0.000759596,-7.59596e-06,0.0
-0.779798,-0.000779798,-7.79798e-06,0.0
-0.8,-0.0008,-8e-06,0.0
